<metadata xml:lang="en"><Esri><CreaDate>20141208</CreaDate><CreaTime>14402500</CreaTime><ArcGISFormat>1.0</ArcGISFormat><ArcGISstyle>FGDC CSDGM Metadata</ArcGISstyle><SyncOnce>TRUE</SyncOnce><ModDate>20141208</ModDate><ModTime>14414700</ModTime><scaleRange><minScale>50000</minScale><maxScale>5000</maxScale></scaleRange><ArcGISProfile>FGDC</ArcGISProfile></Esri><dataIdInfo><idPurp>The Sections of Green Lawn Cemetery in Columbus, OH, USA.</idPurp><idAbs>&lt;DIV STYLE="text-align:Left;"&gt;&lt;DIV&gt;&lt;P&gt;&lt;SPAN&gt;The Sections of Green Lawn Cemetery in Columbus, OH, USA.&lt;/SPAN&gt;&lt;/P&gt;&lt;/DIV&gt;&lt;/DIV&gt;</idAbs><idCredit>Green Lawn Cemetery</idCredit><idCitation><resTitle>Cemetery Sections</resTitle></idCitation><searchKeys><keyword>Cemetery</keyword><keyword>Ancestry</keyword><keyword>Geneology</keyword></searchKeys></dataIdInfo><mdHrLv><ScopeCd value="005"></ScopeCd></mdHrLv></metadata>
